,Y1Mo,Y2Mo,Y3Mo,Y4Mo,Y6Mo,Y1Yr,Y2Yr,Y3Yr,Y5Yr,Y7Yr,Y10Yr,Y20Yr,Y30Yr,GLD,JPM,NVDA,SPY,VXX,Bitcoin
0,0.055,0.054900000000000004,0.054400000000000004,0.0545,0.0533,0.048799999999999996,0.0434,0.0406,0.038599999999999995,0.0388,0.038599999999999995,0.0417,0.0398,2044.0,166.55,481.11,468.26,17.42,43840.74
1,0.055099999999999996,0.055099999999999996,0.054299999999999994,0.0545,0.0535,0.0493,0.0441,0.0415,0.0394,0.039599999999999996,0.0393,0.042300000000000004,0.0403,2038.40002,168.45,496.04,474.84,16.42,43674.77
2,0.0552,0.0552,0.0546,0.0547,0.0536,0.0495,0.0443,0.0415,0.0394,0.0397,0.0395,0.042300000000000004,0.0405,2026.30005,166.23,500.77,471.97,16.18,42266.22
3,0.0554,0.0554,0.054400000000000004,0.0547,0.0533,0.0495,0.0444,0.041299999999999996,0.0391,0.0394,0.0391,0.04190000000000001,0.04,2021.09998,163.99,483.5,470.1,15.62,42237.29
4,0.0554,0.0554,0.054299999999999994,0.0545,0.053099999999999994,0.049,0.0437,0.0409,0.039,0.0393,0.0392,0.0421,0.0403,2030.19995,161.06,480.88,468.6,15.71,41933.89
5,0.0552,0.0552,0.054400000000000004,0.0545,0.0533,0.049400000000000006,0.0446,0.0418,0.04,0.0404,0.0404,0.0436,0.04190000000000001,1982.30005,160.52,476.57,462.23,15.9,43027.77
6,0.0553,0.0553,0.0546,0.0548,0.0541,0.051399999999999994,0.0473,0.044199999999999996,0.042300000000000004,0.0424,0.042,0.044800000000000006,0.043,1977.80005,159.1,466.27,460.12,16.37,42885.54
7,0.0555,0.0554,0.0547,0.0548,0.054000000000000006,0.051399999999999994,0.0471,0.044199999999999996,0.0425,0.042699999999999995,0.042300000000000004,0.0451,0.0432,1978.0,158.52,475.06,458.34,16.75,41477.39
8,0.0554,0.0553,0.054400000000000004,0.054900000000000004,0.053899999999999997,0.0513,0.0471,0.044500000000000005,0.0424,0.042800000000000005,0.042300000000000004,0.0449,0.0431,1998.30005,156.31,455.03,452.92,17.24,43723.25
9,0.0553,0.0554,0.054400000000000004,0.0547,0.0536,0.050499999999999996,0.0458,0.0431,0.041100000000000005,0.0416,0.0414,0.044199999999999996,0.0425,2029.90002,157.97,465.66,454.76,17.16,44192.87
10,0.0554,0.055,0.0545,0.0547,0.0538,0.0507,0.046,0.0433,0.0412,0.0416,0.0412,0.044000000000000004,0.042199999999999994,2030.5,157.99,455.06,454.85,17.28,43280.95
11,0.0554,0.055099999999999996,0.0545,0.0546,0.0537,0.0506,0.045700000000000005,0.0433,0.0414,0.042,0.0418,0.044800000000000006,0.043,2018.5,156.84,467.61,457.25,17.23,43764.05
12,0.0555,0.0553,0.0546,0.0547,0.0541,0.051,0.0464,0.044000000000000004,0.042300000000000004,0.043,0.042800000000000005,0.0461,0.0443,2024.09998,156.08,467.66,454.56,17.29,44084.39
13,0.0555,0.0553,0.054299999999999994,0.0545,0.0533,0.050499999999999996,0.045599999999999995,0.0431,0.0414,0.042199999999999994,0.042199999999999994,0.0458,0.044000000000000004,2071.0,153.54,478.17,453.09,17.31,39478.95
14,0.0556,0.0554,0.0545,0.054900000000000004,0.0538,0.0516,0.0473,0.044800000000000006,0.0431,0.0438,0.0437,0.0472,0.0454,2038.09998,153.19,482.38,452.64,17.54,38703.54
15,0.0553,0.0552,0.0545,0.0548,0.0538,0.0512,0.0464,0.044000000000000004,0.042199999999999994,0.042800000000000005,0.042699999999999995,0.0462,0.0444,2047.09998,153.54,477.72,453.46,17.42,37732.27
16,0.0553,0.0553,0.0547,0.0545,0.0542,0.0521,0.0473,0.0449,0.0429,0.0436,0.0434,0.047,0.0452,2039.69995,153.33,487.12,453.18,18.2,37863.84
17,0.0554,0.0554,0.054900000000000004,0.0547,0.0545,0.0524,0.0484,0.046,0.0438,0.0443,0.043899999999999995,0.0472,0.0453,2011.80005,152.97,499.4,451.44,18.06,37838.26
18,0.0555,0.0556,0.0554,0.0548,0.0545,0.0527,0.0492,0.0467,0.0449,0.0451,0.0447,0.0479,0.046,2002.19995,152.82,492.94,448.97,18.56,37805.99
19,0.0554,0.0555,0.0554,0.0547,0.0542,0.0526,0.0489,0.0462,0.0444,0.0446,0.044199999999999996,0.0473,0.0455,1991.40002,149.74,488.84,447.86,19.15,37304.05
20,0.0552,0.0554,0.0553,0.0545,0.0542,0.0524,0.048600000000000004,0.046,0.0441,0.0444,0.0441,0.0475,0.045700000000000005,1999.30005,148.44,496.52,446.92,19.56,37424.31
21,0.0553,0.0555,0.0554,0.0546,0.054299999999999994,0.0525,0.0489,0.0462,0.0444,0.0446,0.044199999999999996,0.047400000000000005,0.045700000000000005,1977.69995,145.78,486.16,438.41,19.71,35751.89
22,0.0552,0.0554,0.055,0.0542,0.053899999999999997,0.0524,0.048799999999999996,0.0464,0.044500000000000005,0.0447,0.0444,0.048,0.045899999999999996,1981.59998,144.29,469.46,432.09,20.77,36594.89
23,0.0553,0.0555,0.055099999999999996,0.0546,0.0538,0.052300000000000006,0.0483,0.045899999999999996,0.0443,0.0447,0.044500000000000005,0.0482,0.0463,1983.90002,144.72,465.7,435.48,20.0,36630.38
24,0.0552,0.0554,0.0553,0.0546,0.0541,0.0527,0.049,0.046799999999999994,0.0452,0.045599999999999995,0.0453,0.0487,0.046799999999999994,1960.09998,144.01,459.51,435.17,20.38,36161.15
25,0.0552,0.0555,0.0552,0.0545,0.0541,0.0524,0.048,0.045599999999999995,0.044199999999999996,0.044500000000000005,0.0444,0.048,0.0461,1961.80005,144.08,457.47,433.93,20.48,37885.35
26,0.0553,0.0555,0.0555,0.054900000000000004,0.0548,0.0537,0.050199999999999995,0.048,0.0466,0.046900000000000004,0.0463,0.0495,0.0475,1945.5,143.0,450.01,432.93,21.18,35554.09
27,0.0553,0.0555,0.0553,0.0547,0.0546,0.0538,0.0504,0.048,0.04650000000000001,0.046799999999999994,0.0461,0.0493,0.0473,1932.59998,138.94,423.21,420.95,22.46,37139.12
28,0.0553,0.0556,0.0554,0.055,0.0546,0.053899999999999997,0.050300000000000004,0.04769999999999999,0.04650000000000001,0.046799999999999994,0.0462,0.049699999999999994,0.04769999999999999,1964.19995,139.06,407.76,416.51,23.45,37324.83
29,0.0552,0.0554,0.0554,0.054900000000000004,0.0546,0.053399999999999996,0.0493,0.04650000000000001,0.0451,0.0454,0.0449,0.0482,0.0464,1951.5,137.42,411.57,413.91,25.06,36706.59
30,0.0553,0.0556,0.0555,0.0548,0.0547,0.0533,0.049100000000000005,0.0464,0.0453,0.0458,0.0458,0.049100000000000005,0.0475,1966.80005,135.69,404.96,409.02,27.08,35639.13
31,0.0553,0.0556,0.0556,0.054900000000000004,0.0547,0.0533,0.0493,0.0472,0.046,0.0466,0.0467,0.05,0.0484,1981.59998,140.76,403.22,410.88,26.21,35416.28
32,0.0553,0.0556,0.0553,0.055,0.0545,0.0529,0.0483,0.0462,0.0449,0.0455,0.045700000000000005,0.0493,0.04769999999999999,1991.5,141.17,436.59,421.92,24.39,35087.01
33,0.0552,0.0556,0.0554,0.0553,0.055,0.0538,0.049800000000000004,0.0478,0.04650000000000001,0.046799999999999994,0.0467,0.0499,0.0482,1985.59998,141.0,429.71,418.76,25.55,34731.27
34,0.0556,0.0555,0.0557,0.0554,0.055099999999999996,0.0537,0.0495,0.047599999999999996,0.0467,0.0475,0.04769999999999999,0.0513,0.0496,1978.80005,142.95,413.83,419.49,26.46,34950.0
35,0.0556,0.0557,0.0559,0.056100000000000004,0.0554,0.054400000000000004,0.0507,0.049,0.0482,0.0489,0.048799999999999996,0.0521,0.0504,1985.19995,145.29,420.97,424.71,26.3,35440.1
36,0.0556,0.0557,0.055999999999999994,0.056100000000000004,0.0553,0.0541,0.050300000000000004,0.0487,0.048,0.048799999999999996,0.048799999999999996,0.0521,0.0504,1996.19995,145.91,421.92,428.47,25.06,34656.4
37,0.0557,0.0557,0.0559,0.055999999999999994,0.0555,0.053899999999999997,0.0499,0.0484,0.047599999999999996,0.0483,0.0484,0.0519,0.050300000000000004,1988.59998,147.85,460.91,434.28,22.91,34085.42
38,0.0557,0.0557,0.0559,0.055999999999999994,0.0555,0.053899999999999997,0.050199999999999995,0.0489,0.0479,0.048600000000000004,0.048600000000000004,0.0519,0.0501,1987.19995,148.0,454.57,429.76,25.32,33906.09
39,0.0556,0.0557,0.0559,0.056100000000000004,0.0557,0.054299999999999994,0.0508,0.049800000000000004,0.0489,0.049800000000000004,0.0495,0.0527,0.0509,1984.09998,145.81,469.41,431.91,22.6,34154.71
40,0.0557,0.0557,0.0558,0.055999999999999994,0.0557,0.0541,0.050199999999999995,0.049100000000000005,0.0482,0.048600000000000004,0.0483,0.051500000000000004,0.0496,1975.0,146.15,468.02,434.56,22.12,34506.35
41,0.0557,0.0557,0.0558,0.0559,0.0556,0.0542,0.050499999999999996,0.0489,0.0481,0.0487,0.048600000000000004,0.0519,0.0501,1976.30005,145.65,457.94,432.79,22.53,33922.52
42,0.0556,0.0556,0.0558,0.056100000000000004,0.0554,0.0541,0.0507,0.0493,0.048600000000000004,0.0493,0.0493,0.0527,0.0509,1982.5,145.1,457.58,427.81,23.64,29924.84
43,0.0558,0.0557,0.055999999999999994,0.0562,0.0556,0.054400000000000004,0.051399999999999994,0.0501,0.0495,0.05,0.049800000000000004,0.053,0.051100000000000007,1968.40002,142.9,446.84,422.79,23.94,29684.73
44,0.0557,0.0556,0.056100000000000004,0.0562,0.0558,0.0547,0.0519,0.050300000000000004,0.0492,0.0495,0.049100000000000005,0.052000000000000005,0.05,1955.30005,142.3,440.37,422.95,24.28,28735.34
45,0.0558,0.0558,0.0562,0.0564,0.055999999999999994,0.0548,0.0519,0.0501,0.048600000000000004,0.048799999999999996,0.0483,0.051399999999999994,0.049400000000000006,1922.69995,141.66,435.13,419.89,25.56,28326.51
46,0.0557,0.0558,0.056100000000000004,0.056299999999999996,0.0558,0.0542,0.0509,0.0487,0.0472,0.047400000000000005,0.0471,0.0506,0.0487,1921.09998,142.72,447.78,425.58,23.36,28408.83
47,0.055999999999999994,0.0558,0.0562,0.0562,0.0557,0.0541,0.0504,0.048,0.04650000000000001,0.0466,0.0463,0.049699999999999994,0.0478,1927.40002,146.51,430.85,426.79,22.87,26851.71
48,0.056100000000000004,0.0559,0.056299999999999996,0.056299999999999996,0.0558,0.054299999999999994,0.0506,0.0482,0.046900000000000004,0.0473,0.047,0.050499999999999996,0.048600000000000004,1869.30005,144.71,424.64,424.33,23.97,26863.53
49,0.0558,0.0559,0.056100000000000004,0.056299999999999996,0.0556,0.0538,0.0499,0.0473,0.045899999999999996,0.0461,0.0458,0.0492,0.0473,1872.80005,143.87,419.07,424.16,25.04,26750.51
50,0.055999999999999994,0.056100000000000004,0.056100000000000004,0.056299999999999996,0.0557,0.0537,0.0496,0.047400000000000005,0.0462,0.0466,0.0466,0.050300000000000004,0.048499999999999995,1861.0,145.38,422.18,430.48,22.9,26869.19
51,0.0559,0.055999999999999994,0.056299999999999996,0.0564,0.0559,0.054299999999999994,0.0508,0.0487,0.0475,0.0479,0.0478,0.0513,0.0495,1830.2,147.21,422.35,436.87,21.18,27976.43
52,0.0557,0.0559,0.056100000000000004,0.0562,0.0556,0.053899999999999997,0.050300000000000004,0.0482,0.046799999999999994,0.0473,0.0472,0.0506,0.0489,1816.6,147.84,435.16,440.92,20.41,27945.17
53,0.0556,0.0558,0.056100000000000004,0.0562,0.0557,0.0542,0.050499999999999996,0.048499999999999995,0.0472,0.0475,0.0473,0.050499999999999996,0.0487,1818.5,148.03,439.62,441.84,20.51,27412.96
54,0.0555,0.055999999999999994,0.0562,0.0562,0.0558,0.054900000000000004,0.051500000000000004,0.0495,0.048,0.0484,0.0481,0.0513,0.0495,1824.6,147.72,438.96,441.58,20.68,27786.75
55,0.0556,0.055999999999999994,0.0562,0.0562,0.0558,0.054900000000000004,0.0512,0.048799999999999996,0.0472,0.0473,0.046900000000000004,0.05,0.0481,1830.0,148.16,455.77,446.96,19.91,27428.96
56,0.0555,0.055999999999999994,0.0555,0.056100000000000004,0.0553,0.0546,0.050300000000000004,0.048,0.046,0.0461,0.045899999999999996,0.0492,0.0473,1848.1,145.27,448.66,442.63,20.93,26961.0
57,0.0556,0.056100000000000004,0.0556,0.056100000000000004,0.0553,0.0546,0.0504,0.0483,0.0462,0.0463,0.045899999999999996,0.049,0.0471,1860.4,143.4,451.74,445.07,20.78,26907.0
58,0.0554,0.0559,0.0558,0.0562,0.0553,0.054900000000000004,0.051,0.0489,0.0467,0.046900000000000004,0.0461,0.049100000000000005,0.0473,1871.6,142.78,455.68,442.16,21.28,27027.14
59,0.0554,0.0558,0.0558,0.056100000000000004,0.0553,0.0545,0.0504,0.0484,0.0462,0.0462,0.045599999999999995,0.048600000000000004,0.047,1900.4,142.67,462.37,441.5,21.71,26357.62
60,0.0554,0.0558,0.0558,0.055999999999999994,0.0552,0.0545,0.0509,0.0483,0.0462,0.0461,0.0455,0.0484,0.0467,1916.6,143.9,470.57,442.86,21.74,26208.44
61,0.0552,0.0558,0.0556,0.056100000000000004,0.0552,0.0546,0.051,0.048,0.045700000000000005,0.0453,0.0444,0.047,0.0453,1925.4,145.74,485.01,447.79,21.21,26579.6
62,0.0552,0.0557,0.0557,0.056100000000000004,0.0552,0.0546,0.0512,0.048499999999999995,0.0461,0.045700000000000005,0.0449,0.047400000000000005,0.045599999999999995,1919.2,145.26,493.47,446.95,21.5,26578.4
63,0.0553,0.0557,0.0556,0.056100000000000004,0.055099999999999996,0.0547,0.0512,0.0482,0.0452,0.0446,0.0435,0.045700000000000005,0.044000000000000004,1945.6,147.07,492.56,447.61,21.99,26564.54
64,0.0553,0.0556,0.0554,0.0559,0.055099999999999996,0.0545,0.0508,0.0479,0.0451,0.0447,0.0437,0.046,0.0443,1932.0,147.67,487.76,445.77,22.67,27123.94
65,0.0553,0.0556,0.0555,0.055999999999999994,0.055099999999999996,0.054400000000000004,0.050499999999999996,0.047400000000000005,0.0446,0.0441,0.0432,0.045700000000000005,0.044000000000000004,1931.5,146.48,468.27,439.42,23.25,27216.13
66,0.055099999999999996,0.0556,0.0556,0.055999999999999994,0.054900000000000004,0.054299999999999994,0.050199999999999995,0.0472,0.044500000000000005,0.0441,0.0433,0.045899999999999996,0.044199999999999996,1923.7,146.15,471.55,433.6,25.3,26569.69
67,0.0552,0.0557,0.0555,0.0559,0.055,0.0542,0.05,0.046799999999999994,0.044199999999999996,0.0438,0.0429,0.045700000000000005,0.043899999999999995,1910.0,146.29,471.08,439.69,24.31,26602.42
68,0.0553,0.0556,0.0555,0.055999999999999994,0.055099999999999996,0.0542,0.0496,0.0464,0.043899999999999995,0.0434,0.0425,0.0452,0.0434,1909.1,145.31,456.6,434.85,25.14,26532.76
69,0.0552,0.0556,0.0556,0.0558,0.0553,0.0542,0.049800000000000004,0.0466,0.0441,0.0436,0.042699999999999995,0.0454,0.0435,1911.3,148.39,469.59,436.03,25.03,26226.65
70,0.0552,0.0556,0.0555,0.0558,0.055099999999999996,0.054000000000000006,0.049699999999999994,0.0464,0.044000000000000004,0.0437,0.0429,0.045599999999999995,0.0437,1923.3,147.88,432.92,433.21,25.71,25840.61
71,0.0552,0.0556,0.0555,0.055999999999999994,0.054900000000000004,0.0542,0.049800000000000004,0.046799999999999994,0.043899999999999995,0.0435,0.0426,0.0452,0.0433,1918.4,149.09,434.79,436.33,25.17,25897.82
72,0.0552,0.0556,0.0553,0.0559,0.055,0.054000000000000006,0.049400000000000006,0.0466,0.0438,0.0435,0.042699999999999995,0.0455,0.0436,1917.5,149.73,439.33,439.55,24.77,25906.34
73,0.0552,0.0555,0.0555,0.055999999999999994,0.0552,0.054400000000000004,0.0501,0.0473,0.0444,0.043899999999999995,0.043,0.045599999999999995,0.0437,1918.1,153.64,437.46,444.73,23.42,26276.3
74,0.055099999999999996,0.0556,0.0555,0.0559,0.055099999999999996,0.0542,0.049400000000000006,0.04650000000000001,0.0437,0.0435,0.042699999999999995,0.045599999999999995,0.0438,1926.2,153.32,408.48,442.29,23.83,25747.63
75,0.055099999999999996,0.0555,0.0553,0.0558,0.0547,0.0536,0.0487,0.045700000000000005,0.0429,0.042699999999999995,0.0418,0.044800000000000006,0.0429,1939.8,154.74,446.56,445.37,24.91,25867.83
76,0.0552,0.0555,0.0556,0.056100000000000004,0.0548,0.0537,0.048499999999999995,0.0454,0.042300000000000004,0.04190000000000001,0.0409,0.043899999999999995,0.042,1938.2,155.61,454.09,447.31,24.48,25794.88
77,0.0555,0.0553,0.0556,0.055999999999999994,0.055099999999999996,0.053899999999999997,0.049,0.045700000000000005,0.042699999999999995,0.042199999999999994,0.0412,0.044199999999999996,0.042300000000000004,1944.3,154.88,446.72,443.44,25.83,25932.45
78,0.0554,0.0553,0.0556,0.0557,0.0552,0.0537,0.0487,0.045599999999999995,0.0426,0.0421,0.0412,0.044199999999999996,0.042300000000000004,1936.5,155.2,445.07,445.46,24.94,27306.06
79,0.0556,0.0553,0.0558,0.055999999999999994,0.0556,0.054400000000000004,0.049800000000000004,0.046900000000000004,0.0438,0.0432,0.042,0.044800000000000006,0.0429,1917.9,154.26,442.61,446.74,25.02,27717.98
80,0.0556,0.0553,0.056100000000000004,0.0559,0.056100000000000004,0.054400000000000004,0.050300000000000004,0.0472,0.0444,0.0437,0.0425,0.045,0.043,1911.1,156.8,467.21,454.34,22.6,26009.61
81,0.0555,0.0553,0.0558,0.0557,0.0559,0.053899999999999997,0.049800000000000004,0.046900000000000004,0.043899999999999995,0.0434,0.042300000000000004,0.0449,0.043,1918.2,155.76,467.42,453.48,22.9,26049.39
82,0.0554,0.0553,0.0557,0.0556,0.0555,0.0535,0.0495,0.0464,0.0436,0.043,0.04190000000000001,0.0446,0.042699999999999995,1918.5,154.88,458.92,449.08,23.799999,26163.49
83,0.0554,0.0553,0.0557,0.0555,0.0557,0.053899999999999997,0.050199999999999995,0.0475,0.0449,0.0444,0.0434,0.0461,0.044199999999999996,1896.4,156.6,454.44,452.08,22.67,26427.54
84,0.0555,0.0553,0.0557,0.0555,0.0558,0.0537,0.049699999999999994,0.047,0.0446,0.044199999999999996,0.0434,0.0464,0.044500000000000005,1893.3,155.67,456.71,452.01,23.290001,26042.11
85,0.0553,0.0552,0.0555,0.0554,0.0552,0.0535,0.0492,0.0463,0.0438,0.0434,0.0426,0.0455,0.0438,1886.1,153.82,443.01,448.77,23.700001,26096.42
86,0.0555,0.0552,0.0556,0.0554,0.0553,0.0536,0.049400000000000006,0.0467,0.044199999999999996,0.0438,0.043,0.0458,0.0441,1884.1,155.01,455.12,448.77,23.99,26048.89
87,0.0552,0.0553,0.0556,0.0554,0.0554,0.0537,0.049699999999999994,0.046799999999999994,0.044199999999999996,0.0437,0.042800000000000005,0.0455,0.0438,1896.1,153.12,470.69,451.77,23.9,26627.57
88,0.0553,0.0552,0.0556,0.055099999999999996,0.0555,0.0536,0.0492,0.0464,0.0436,0.0431,0.0421,0.0449,0.0432,1902.5,152.53,474.86,450.77,23.48,28700.51
89,0.0555,0.0552,0.0556,0.0553,0.0556,0.0537,0.0496,0.0464,0.0436,0.0429,0.04190000000000001,0.0446,0.0429,1910.6,152.26,464.53,447.44,23.870001,29170.14
90,0.0554,0.055099999999999996,0.0554,0.0554,0.0552,0.0536,0.0489,0.045599999999999995,0.0431,0.0426,0.0416,0.044500000000000005,0.042699999999999995,1912.9,147.78,459.69,446.17,24.209999,29416.96
91,0.0555,0.0552,0.0554,0.0553,0.0552,0.0533,0.0482,0.0447,0.0421,0.0417,0.0409,0.0441,0.0424,1914.4,147.06,438.95,442.66,24.07,29400.45
92,0.055099999999999996,0.0552,0.0555,0.053399999999999996,0.0554,0.0535,0.0479,0.0441,0.0412,0.0407,0.04,0.0433,0.0418,1915.4,146.34,423.98,439.12,25.469999,29424.03
93,0.0554,0.0553,0.0557,0.0552,0.0553,0.0535,0.047400000000000005,0.0436,0.040999999999999995,0.0406,0.04019999999999999,0.0435,0.042,1924.1,144.09,421.73,436.35,25.66,29562.76
94,0.0554,0.055099999999999996,0.0556,0.0553,0.0553,0.053,0.047599999999999996,0.0444,0.0416,0.041299999999999996,0.0409,0.044199999999999996,0.042699999999999995,1933.5,143.28,424.96,435.24,25.83,29770.01
95,0.0554,0.055099999999999996,0.0554,0.0552,0.055,0.0533,0.0478,0.044500000000000005,0.0415,0.040999999999999995,0.0405,0.0436,0.0421,1939.6,143.58,423.1,439.79,25.07,29047.12
96,0.0554,0.0552,0.0554,0.0553,0.0552,0.0537,0.049,0.0458,0.043,0.0426,0.042,0.0449,0.0432,1932.0,144.54,424.06,440.44,24.74,29076.48
97,0.0548,0.0553,0.0553,0.0554,0.0552,0.0536,0.048799999999999996,0.0454,0.0424,0.0417,0.0408,0.0435,0.0417,1937.4,143.39,422.95,439.94,25.0,29174.18
98,0.054900000000000004,0.0554,0.0554,0.0557,0.0554,0.0538,0.0492,0.045700000000000005,0.0424,0.0415,0.0405,0.043,0.041100000000000005,1940.7,141.41,408.15,434.81,25.370001,29164.22
99,0.0548,0.0554,0.0555,0.0556,0.0553,0.0537,0.048799999999999996,0.0451,0.0418,0.0408,0.0397,0.042199999999999994,0.04019999999999999,1970.5,136.64,411.1,433.1,24.83,29697.27
100,0.0547,0.0554,0.0552,0.0557,0.0554,0.0537,0.0487,0.0452,0.0418,0.0408,0.039599999999999996,0.042199999999999994,0.0403,1960.400024,137.23,406.25,428.19,26.43,29355.71
101,0.0547,0.0555,0.055099999999999996,0.0558,0.0556,0.054000000000000006,0.049100000000000005,0.0458,0.0424,0.041299999999999996,0.0401,0.0426,0.0406,1945.400024,136.89,422.02,429.94,26.48,29316.15
102,0.0546,0.0553,0.055099999999999996,0.0557,0.0555,0.0537,0.0482,0.0447,0.0409,0.039900000000000005,0.038599999999999995,0.0412,0.0394,1968.900024,137.61,430.18,433.22,26.15,29214.92
103,0.0546,0.0554,0.055099999999999996,0.0555,0.0557,0.0538,0.048499999999999995,0.0453,0.0415,0.0405,0.0391,0.0414,0.0395,1962.099976,140.31,430.38,431.66,26.790001,29353.23
104,0.054400000000000004,0.0554,0.055099999999999996,0.0555,0.0555,0.0538,0.0481,0.044800000000000006,0.041299999999999996,0.04,0.038599999999999995,0.041100000000000005,0.0392,1960.300049,140.52,438.01,433.88,27.35,29225.14
105,0.054299999999999994,0.0554,0.055,0.0554,0.0553,0.0535,0.0482,0.0444,0.0409,0.0397,0.0384,0.040999999999999995,0.0391,1964.300049,141.07,426.46,437.64,28.299999,29795.03
106,0.054400000000000004,0.0553,0.054900000000000004,0.0554,0.0552,0.0535,0.048,0.0443,0.0408,0.0398,0.0385,0.040999999999999995,0.0391,1968.300049,139.5,429.9,432.28,27.57,29907.98
107,0.0537,0.055099999999999996,0.054900000000000004,0.0554,0.055099999999999996,0.053200000000000004,0.047400000000000005,0.0434,0.0398,0.0387,0.0375,0.0401,0.0384,1977.5,140.02,410.15,431.76,28.42,29809.13
108,0.0537,0.055,0.054900000000000004,0.0553,0.055099999999999996,0.053200000000000004,0.047400000000000005,0.0435,0.04,0.039,0.038,0.0408,0.0391,1977.199951,139.01,394.75,428.94,28.49,29916.72
109,0.0537,0.055099999999999996,0.054900000000000004,0.0553,0.0552,0.0533,0.047400000000000005,0.0434,0.04019999999999999,0.0391,0.0381,0.040999999999999995,0.0394,1952.400024,139.02,387.63,425.08,28.360001,29861.93
110,0.0537,0.054900000000000004,0.054900000000000004,0.0553,0.0552,0.053399999999999996,0.047400000000000005,0.0435,0.0404,0.0394,0.0383,0.041100000000000005,0.0393,1960.099976,138.71,374.69,421.77,28.91,30301.65
111,0.0537,0.055,0.0547,0.055099999999999996,0.054900000000000004,0.0527,0.045899999999999996,0.0421,0.0393,0.0385,0.037599999999999995,0.0407,0.039,1959.199951,137.38,386.43,423.23,28.780001,30330.52
112,0.0536,0.054900000000000004,0.0547,0.0552,0.0553,0.0535,0.0472,0.0436,0.0407,0.0397,0.038599999999999995,0.0414,0.039599999999999996,1956.199951,137.13,391.6,422.31,30.610001,31471.83
113,0.0535,0.0548,0.054900000000000004,0.0553,0.0555,0.054400000000000004,0.048799999999999996,0.0452,0.0424,0.041299999999999996,0.039900000000000005,0.042199999999999994,0.0403,1931.300049,138.49,393.16,423.12,31.18,30381.81
114,0.053399999999999996,0.0547,0.0548,0.0553,0.0554,0.0538,0.048499999999999995,0.0454,0.0425,0.0414,0.0401,0.0424,0.0405,1925.0,135.64,397.59,417.09,32.490002,30626.55
115,0.053200000000000004,0.0547,0.0546,0.0552,0.0553,0.0541,0.049400000000000006,0.0464,0.0435,0.042300000000000004,0.0406,0.042699999999999995,0.0405,1926.199951,135.52,401.0,415.47,34.73,30291.69
116,0.053200000000000004,0.0547,0.0546,0.0552,0.0554,0.054400000000000004,0.0499,0.046799999999999994,0.0437,0.042199999999999994,0.0405,0.042300000000000004,0.0401,1908.699951,135.01,389.35,415.31,35.650002,30352.08
117,0.0528,0.0538,0.054400000000000004,0.055099999999999996,0.0552,0.054000000000000006,0.049400000000000006,0.045899999999999996,0.0425,0.041100000000000005,0.0395,0.0417,0.0395,1919.599976,133.76,379.7,410.0,37.07,29899.38
118,0.0527,0.054000000000000006,0.054400000000000004,0.0552,0.0553,0.054299999999999994,0.049400000000000006,0.045599999999999995,0.04190000000000001,0.0403,0.038599999999999995,0.0408,0.0387,1921.699951,134.66,306.8,409.45,36.490002,30771.25
119,0.0524,0.053899999999999997,0.054299999999999994,0.055,0.0547,0.054000000000000006,0.0487,0.0449,0.041299999999999996,0.0397,0.0381,0.0406,0.0385,1921.099976,137.22,312.55,413.93,35.77,30587.21
120,0.0525,0.054000000000000006,0.0546,0.055099999999999996,0.055,0.0541,0.0487,0.0449,0.0414,0.039900000000000005,0.0385,0.041100000000000005,0.0392,1909.199951,137.53,316.69,414.53,34.900002,30466.72
121,0.051699999999999996,0.053200000000000004,0.054400000000000004,0.054900000000000004,0.0547,0.053200000000000004,0.0471,0.0432,0.0397,0.0383,0.0371,0.04,0.0381,1912.300049,136.5,301.7,410.57,36.360001,30446.47
122,0.051699999999999996,0.053099999999999994,0.054400000000000004,0.054400000000000004,0.0546,0.0533,0.047400000000000005,0.0438,0.04019999999999999,0.039,0.0377,0.0403,0.0384,1914.0,132.43,292.05,405.65,37.610001,30074.94
123,0.051699999999999996,0.053099999999999994,0.055,0.054400000000000004,0.0545,0.0527,0.04650000000000001,0.043,0.039599999999999996,0.0385,0.037200000000000004,0.0401,0.0383,1923.699951,133.32,289.45,408.38,36.5,30697.38
124,0.051699999999999996,0.053,0.0541,0.054400000000000004,0.0541,0.0525,0.0471,0.0432,0.039900000000000005,0.0388,0.0374,0.0401,0.0382,1919.099976,134.13,285.7,407.51,37.470001,30547.18
125,0.0518,0.053099999999999994,0.054000000000000006,0.054400000000000004,0.0541,0.0529,0.04769999999999999,0.0437,0.0403,0.0392,0.038,0.0406,0.0388,1912.699951,134.56,288.77,408.22,37.84,30707.61
126,0.0516,0.0527,0.054000000000000006,0.054400000000000004,0.0541,0.0525,0.046799999999999994,0.0429,0.0395,0.0384,0.037200000000000004,0.039900000000000005,0.0381,1933.300049,134.49,285.63,406.32,39.029999,29886.31
127,0.051699999999999996,0.0526,0.053899999999999997,0.053899999999999997,0.0541,0.0524,0.046799999999999994,0.0429,0.039599999999999996,0.0385,0.0374,0.0401,0.0383,1935.5,135.14,291.43,408.11,38.110001,29995.08
128,0.0518,0.0527,0.053399999999999996,0.0538,0.0535,0.0524,0.047,0.0432,0.039900000000000005,0.0388,0.0377,0.0405,0.038599999999999995,1958.400024,134.06,277.94,403.45,40.099998,26506.56
129,0.0518,0.0525,0.0533,0.0537,0.0533,0.0521,0.0462,0.042300000000000004,0.0391,0.0382,0.037200000000000004,0.04019999999999999,0.0385,1957.800049,136.96,282.02,406.23,38.889999,26329.6
130,0.0518,0.0525,0.0536,0.0537,0.0536,0.0527,0.047400000000000005,0.0437,0.0406,0.0395,0.0383,0.0409,0.039,1955.300049,139.21,289.02,410.85,37.240002,25569.99
131,0.0519,0.0524,0.0536,0.0537,0.0536,0.0526,0.0467,0.043,0.0401,0.0394,0.0384,0.0412,0.0394,1944.599976,136.29,277.41,411.27,37.860001,25123.34
132,0.0524,0.053099999999999994,0.054000000000000006,0.054299999999999994,0.0538,0.0518,0.0455,0.0416,0.038900000000000004,0.0382,0.0373,0.0404,0.0387,1955.300049,135.12,272.19,407.79,39.43,25930.23
133,0.0525,0.053200000000000004,0.0537,0.0545,0.053899999999999997,0.051699999999999996,0.045899999999999996,0.042300000000000004,0.0392,0.0384,0.0375,0.0405,0.038900000000000004,1962.199951,135.73,262.34,401.53,42.290001,25856.1
134,0.0525,0.0529,0.0538,0.0542,0.053899999999999997,0.0512,0.0452,0.0417,0.0387,0.038,0.0373,0.0405,0.038900000000000004,1963.599976,138.75,270.35,408.0,38.990002,26482.81
135,0.0507,0.0526,0.0542,0.0542,0.054299999999999994,0.0516,0.045599999999999995,0.0421,0.0393,0.0388,0.0379,0.0412,0.0395,1942.699951,138.56,271.12,407.58,39.200001,26508.32
136,0.051500000000000004,0.0526,0.054400000000000004,0.054400000000000004,0.054400000000000004,0.052000000000000005,0.0451,0.0415,0.0385,0.0378,0.037000000000000005,0.04019999999999999,0.0387,1965.5,138.83,270.97,407.26,39.950001,26346.41
137,0.0525,0.0535,0.0546,0.0547,0.0546,0.051699999999999996,0.0446,0.040999999999999995,0.0382,0.0377,0.0369,0.0403,0.038900000000000004,1958.0,139.23,279.23,409.5,39.09,27243.63
138,0.0528,0.053899999999999997,0.055,0.0552,0.055,0.052199999999999996,0.045,0.041299999999999996,0.0384,0.0378,0.0369,0.0403,0.0388,1952.400024,137.86,269.95,409.3,39.5,27077.6
139,0.053,0.053899999999999997,0.055,0.055,0.054400000000000004,0.051100000000000007,0.0433,0.0398,0.037000000000000005,0.0366,0.0361,0.0398,0.0384,1978.0,136.77,267.51,407.84,40.610001,27250.69
140,0.0528,0.0537,0.0552,0.0553,0.0546,0.0518,0.044000000000000004,0.0404,0.0374,0.0369,0.0364,0.0401,0.0385,1963.900024,127.17,264.56,408.83,41.34,26828.42
141,0.053099999999999994,0.053099999999999994,0.0555,0.0554,0.0552,0.052199999999999996,0.0446,0.040999999999999995,0.0381,0.0375,0.0369,0.0406,0.039,1958.0,126.69,264.88,403.48,42.900002,27223.08
142,0.0602,0.0547,0.053399999999999996,0.0555,0.054400000000000004,0.0525,0.0454,0.042300000000000004,0.0392,0.038599999999999995,0.038,0.041299999999999996,0.039599999999999996,1944.099976,125.67,270.3,404.6,43.48,26867.99
143,0.059500000000000004,0.054400000000000004,0.0538,0.0555,0.0546,0.0524,0.045,0.0421,0.039,0.038599999999999995,0.0383,0.0416,0.0401,1943.099976,125.81,268.74,403.03,44.259998,26714.86
144,0.057300000000000004,0.052199999999999996,0.0537,0.0552,0.0542,0.0512,0.0431,0.0404,0.0375,0.037599999999999995,0.0373,0.040999999999999995,0.0397,1962.800049,125.62,274.45,404.09,44.669998,26479.06
145,0.0567,0.0526,0.053399999999999996,0.0542,0.053899999999999997,0.0506,0.0426,0.039900000000000005,0.037599999999999995,0.0373,0.037000000000000005,0.0408,0.039599999999999996,1972.400024,127.33,279.57,406.34,43.91,26321.4
146,0.056900000000000006,0.0535,0.054000000000000006,0.055,0.054299999999999994,0.0507,0.0429,0.0398,0.0377,0.0374,0.037200000000000004,0.0409,0.0397,1974.800049,127.47,277.69,404.8,44.91,27223.22
147,0.0562,0.0527,0.0529,0.0546,0.0536,0.050199999999999995,0.042800000000000005,0.0398,0.037599999999999995,0.0374,0.037000000000000005,0.0407,0.0395,1978.699951,126.33,269.77,396.85,45.110001,27113.61
148,0.0559,0.052199999999999996,0.053099999999999994,0.054299999999999994,0.0538,0.050199999999999995,0.0424,0.0394,0.0369,0.036699999999999997,0.0365,0.04019999999999999,0.0391,1956.5,126.07,264.03,391.16,46.639999,26890.27
149,0.055,0.0506,0.0526,0.0536,0.053,0.0492,0.0412,0.038,0.0358,0.0358,0.035699999999999996,0.039599999999999996,0.0388,1980.699951,125.69,265.24,392.04,47.970001,26820.49
150,0.0558,0.049800000000000004,0.052300000000000006,0.0524,0.0526,0.048799999999999996,0.0406,0.0374,0.0352,0.0353,0.0354,0.039599999999999996,0.0387,1988.400024,122.19,267.72,391.31,49.740002,27407.77
151,0.0564,0.049699999999999994,0.0521,0.0526,0.0524,0.0473,0.039900000000000005,0.036699999999999997,0.0346,0.0348,0.035,0.0392,0.0384,2018.0,124.08,271.84,388.76,51.889999,27037.68
152,0.0579,0.0487,0.0525,0.0527,0.0516,0.0475,0.0398,0.0365,0.0345,0.0345,0.0346,0.0387,0.0378,2014.5,127.71,261.92,394.44,48.459999,26789.48
153,0.0581,0.0482,0.052000000000000005,0.052300000000000006,0.051399999999999994,0.047,0.038900000000000004,0.0356,0.0336,0.0337,0.0339,0.0382,0.0373,2014.699951,124.37,258.93,389.33,53.099998,26808.84
154,0.055,0.0499,0.0524,0.0524,0.0513,0.047,0.039,0.0355,0.0337,0.034,0.034300000000000004,0.0388,0.038,2030.5,123.07,257.18,385.62,55.959999,26986.56
155,0.0556,0.0516,0.0529,0.0527,0.0518,0.0481,0.0401,0.036699999999999997,0.0351,0.0351,0.0353,0.0394,0.0385,2036.199951,127.9,255.34,390.18,50.459999,27624.01
156,0.055099999999999996,0.051699999999999996,0.053099999999999994,0.0526,0.051399999999999994,0.0479,0.04,0.037000000000000005,0.0349,0.035,0.0352,0.0392,0.0384,2026.300049,125.47,242.21,383.45,54.959999,27647.29
157,0.0559,0.052300000000000006,0.0526,0.0526,0.0513,0.0473,0.0392,0.0363,0.0341,0.0341,0.0344,0.0385,0.037599999999999995,2017.400024,131.69,240.56,385.87,51.66,28902.66
158,0.0576,0.0524,0.0526,0.052300000000000006,0.0504,0.045899999999999996,0.0375,0.0347,0.0329,0.0332,0.0337,0.038,0.0373,2048.0,128.39,229.6,379.59,54.540001,29536.76
159,0.047,0.0533,0.0526,0.0525,0.0508,0.047,0.038900000000000004,0.0358,0.0337,0.0337,0.0338,0.0379,0.037000000000000005,2028.599976,130.74,229.59,380.13,52.93,28857.23
160,0.045599999999999995,0.0533,0.0524,0.0519,0.0506,0.047400000000000005,0.0397,0.036699999999999997,0.0346,0.0344,0.0344,0.0382,0.037200000000000004,2014.300049,127.5,234.3,385.7,47.509998,29038.75
161,0.0449,0.051699999999999996,0.0527,0.052199999999999996,0.051399999999999994,0.048600000000000004,0.0414,0.0385,0.0364,0.0362,0.0359,0.0395,0.0384,1983.400024,134.8,241.74,392.95,43.049999,28684.4
162,0.0435,0.051399999999999994,0.051,0.052000000000000005,0.0506,0.048,0.0404,0.0375,0.0351,0.0349,0.0344,0.038,0.036699999999999997,1990.099976,135.6,232.82,392.31,43.77,29249.35
163,0.042699999999999995,0.0513,0.0518,0.0521,0.050499999999999996,0.0478,0.0407,0.0382,0.036000000000000004,0.035699999999999996,0.0353,0.0388,0.037599999999999995,1989.900024,139.71,235.44,398.41,42.84,29338.63
164,0.0391,0.0507,0.0516,0.051699999999999996,0.05,0.0464,0.039,0.0365,0.0346,0.0345,0.034300000000000004,0.0381,0.037000000000000005,1985.699951,140.53,238.79,398.14,43.599998,29483.72
165,0.041100000000000005,0.050499999999999996,0.0512,0.051100000000000007,0.049800000000000004,0.046,0.038599999999999995,0.0362,0.034300000000000004,0.0342,0.034,0.0377,0.0365,1994.0,138.0,233.04,391.85,44.880001,28426.08
166,0.0354,0.0509,0.052000000000000005,0.051500000000000004,0.0506,0.047599999999999996,0.0412,0.0384,0.036000000000000004,0.0356,0.0352,0.0385,0.0373,1989.099976,139.45,226.88,388.83,46.599998,28304.42
167,0.0336,0.049800000000000004,0.051399999999999994,0.0519,0.0507,0.0478,0.0417,0.038900000000000004,0.0366,0.0362,0.035699999999999996,0.039,0.0378,1979.5,140.23,232.06,390.33,46.16,27821.41
168,0.034,0.0504,0.0512,0.051699999999999996,0.0506,0.04769999999999999,0.0414,0.0387,0.0363,0.0359,0.0354,0.0387,0.0375,2007.599976,139.06,234.91,391.78,47.119999,27253.85
169,0.0395,0.050300000000000004,0.0516,0.052199999999999996,0.051,0.0484,0.0424,0.0397,0.0371,0.0366,0.036000000000000004,0.039,0.0379,1995.199951,137.86,232.76,390.45,49.0,28248.18
170,0.038900000000000004,0.0504,0.052000000000000005,0.0519,0.0509,0.0481,0.04190000000000001,0.0392,0.0369,0.0363,0.0358,0.0391,0.0379,2007.400024,136.63,236.54,394.66,47.16,28809.72
171,0.0409,0.0504,0.0521,0.0524,0.0507,0.048,0.0418,0.0392,0.0369,0.0364,0.036000000000000004,0.0392,0.0381,1994.199951,135.54,207.45,392.57,48.880001,30393.4
172,0.0429,0.049800000000000004,0.051399999999999994,0.0516,0.050300000000000004,0.04769999999999999,0.0408,0.0383,0.036000000000000004,0.0356,0.0352,0.0385,0.0374,2002.199951,136.59,206.46,393.12,50.32,30324.11
173,0.0408,0.0496,0.051,0.051,0.0495,0.0466,0.039599999999999996,0.037000000000000005,0.0351,0.0348,0.0345,0.038,0.0369,2041.300049,139.14,213.79,401.16,46.68,30492.92
174,0.042699999999999995,0.0489,0.050199999999999995,0.051,0.049800000000000004,0.0464,0.0395,0.0368,0.0346,0.034300000000000004,0.0341,0.0375,0.0364,2010.900024,138.73,219.92,402.17,46.720001,30406.78
175,0.042699999999999995,0.0489,0.0504,0.0506,0.0499,0.0467,0.0403,0.037599999999999995,0.0354,0.0348,0.034300000000000004,0.0375,0.0362,2004.800049,140.67,227.54,407.78,44.279999,29912.2
176,0.0453,0.0489,0.0508,0.0508,0.049800000000000004,0.04650000000000001,0.04,0.0375,0.0352,0.0347,0.0341,0.0374,0.0362,1989.099976,140.08,229.61,406.46,45.200001,30227.19
177,0.045700000000000005,0.048499999999999995,0.049100000000000005,0.049800000000000004,0.0493,0.0451,0.0382,0.0359,0.0337,0.0334,0.033,0.0366,0.0354,2011.900024,139.47,217.78,406.65,46.759998,27931.94
178,0.0462,0.04769999999999999,0.048600000000000004,0.049,0.0482,0.0443,0.0379,0.0355,0.0336,0.0334,0.033,0.036699999999999997,0.0356,2020.900024,137.97,212.56,401.93,48.68,28053.46
179,0.0466,0.048,0.048799999999999996,0.049,0.048,0.045,0.0384,0.036000000000000004,0.0339,0.0338,0.0335,0.037200000000000004,0.036000000000000004,2022.199951,137.36,223.27,401.0,48.119999,28175.37
180,0.047,0.0479,0.049,0.049800000000000004,0.048799999999999996,0.046,0.0397,0.0373,0.0352,0.0348,0.034300000000000004,0.0378,0.0364,1983.900024,139.53,221.95,404.5,46.639999,28179.64
181,0.047400000000000005,0.0479,0.048499999999999995,0.049699999999999994,0.049400000000000006,0.0464,0.0406,0.0381,0.036000000000000004,0.0355,0.0348,0.0381,0.036699999999999997,1969.0,140.52,221.63,408.97,44.959999,28471.46
182,0.047400000000000005,0.04769999999999999,0.049699999999999994,0.049400000000000006,0.0492,0.0463,0.040999999999999995,0.0387,0.0366,0.0361,0.0355,0.0388,0.0374,1980.300049,138.83,210.8,403.69,46.400002,28474.4
183,0.0434,0.045,0.048,0.049100000000000005,0.0492,0.045899999999999996,0.0408,0.0387,0.036699999999999997,0.0362,0.035699999999999996,0.0391,0.0378,1966.099976,138.02,210.91,406.18,45.279999,28035.48
184,0.0424,0.043899999999999995,0.048,0.048600000000000004,0.049,0.0455,0.04019999999999999,0.0384,0.0363,0.036000000000000004,0.0355,0.039,0.0377,1972.400024,135.91,216.99,410.54,44.84,28359.54
185,0.042199999999999994,0.0447,0.049100000000000005,0.049,0.048600000000000004,0.0451,0.0394,0.0379,0.0359,0.035699999999999996,0.0353,0.039,0.0377,1952.400024,136.55,209.34,404.65,43.919998,27274.15
186,0.042800000000000005,0.044800000000000006,0.047400000000000005,0.0478,0.047599999999999996,0.0432,0.037599999999999995,0.0358,0.0341,0.034,0.0338,0.0377,0.0364,1982.099976,136.91,195.28,400.39,45.279999,27488.18
187,0.0426,0.044800000000000006,0.0473,0.0484,0.048,0.0438,0.037599999999999995,0.035699999999999996,0.0339,0.0339,0.0338,0.0378,0.0366,1993.800049,136.1,191.54,394.59,46.32,27489.24
188,0.0416,0.045599999999999995,0.0479,0.049100000000000005,0.0495,0.045599999999999995,0.039599999999999996,0.037599999999999995,0.0354,0.0353,0.0348,0.0383,0.0368,1946.800049,137.26,203.56,399.61,45.200001,28352.94
189,0.0407,0.045,0.0478,0.0489,0.0496,0.046799999999999994,0.0417,0.0398,0.0373,0.0368,0.0359,0.039,0.0373,1938.0,136.93,197.93,398.69,45.799999,27325.15
190,0.0434,0.045599999999999995,0.0481,0.0484,0.048,0.0434,0.0392,0.0377,0.0356,0.0355,0.0347,0.0383,0.0365,1979.199951,136.09,193.14,394.36,46.52,28207.33
191,0.0431,0.0451,0.0452,0.0479,0.0471,0.0426,0.0381,0.0368,0.0344,0.0345,0.0339,0.037599999999999995,0.036000000000000004,1969.800049,135.44,192.56,394.21,46.439999,26980.35
192,0.042199999999999994,0.0466,0.047400000000000005,0.0492,0.049400000000000006,0.0449,0.0414,0.039900000000000005,0.037200000000000004,0.036699999999999997,0.0356,0.0387,0.0371,1919.0,134.28,191.84,394.63,48.32,27453.62
193,0.042300000000000004,0.045599999999999995,0.0475,0.048499999999999995,0.0473,0.04190000000000001,0.0393,0.0383,0.0359,0.035699999999999996,0.0351,0.0382,0.037000000000000005,1926.599976,132.14,178.31,389.95,48.68,25051.85
194,0.0447,0.04769999999999999,0.048799999999999996,0.0495,0.0493,0.044500000000000005,0.042,0.0405,0.0378,0.0374,0.0364,0.0391,0.0377,1906.199951,131.82,167.58,382.82,50.48,24377.16
195,0.0462,0.0481,0.0487,0.0487,0.0481,0.043,0.0403,0.0388,0.0368,0.0365,0.0355,0.0385,0.037000000000000005,1911.699951,133.6,173.69,385.63,50.200001,24762.65
196,0.0481,0.049100000000000005,0.0501,0.0508,0.051699999999999996,0.049,0.046,0.0431,0.039599999999999996,0.038599999999999995,0.037000000000000005,0.039,0.037000000000000005,1862.0,137.73,176.94,391.81,48.48,20620.54
197,0.0483,0.0496,0.050499999999999996,0.0519,0.053200000000000004,0.0518,0.049,0.045599999999999995,0.042199999999999994,0.040999999999999995,0.0393,0.0409,0.0388,1829.300049,139.9,168.92,392.53,48.080002,20230.08
198,0.04769999999999999,0.048799999999999996,0.0506,0.0521,0.053399999999999996,0.0525,0.050499999999999996,0.0471,0.0434,0.04190000000000001,0.0398,0.041100000000000005,0.0388,1812.699951,136.45,165.04,391.02,49.32,20367.01
199,0.048,0.048799999999999996,0.0504,0.0512,0.053200000000000004,0.052199999999999996,0.05,0.0466,0.0431,0.0417,0.0397,0.041100000000000005,0.0388,1813.900024,136.59,159.94,389.6,51.880001,21698.37
200,0.0475,0.0479,0.0493,0.050199999999999995,0.052199999999999996,0.050499999999999996,0.0489,0.0461,0.042699999999999995,0.0416,0.0398,0.0414,0.0392,1847.900024,135.58,159.02,384.73,51.639999,22198.48
201,0.0475,0.0479,0.049100000000000005,0.0501,0.0518,0.050300000000000004,0.048600000000000004,0.046,0.0426,0.0415,0.0397,0.0412,0.039,1847.699951,134.38,156.21,382.05,53.880001,22350.95
202,0.0475,0.048,0.049100000000000005,0.050199999999999995,0.0518,0.0504,0.0489,0.0463,0.0432,0.0424,0.0408,0.0424,0.0403,1833.5,134.94,148.52,382.27,53.599998,22358.18
203,0.0467,0.0482,0.049,0.050199999999999995,0.052000000000000005,0.0506,0.0489,0.0461,0.042699999999999995,0.0417,0.0401,0.0417,0.0397,1837.699951,132.4,142.59,373.7,54.880001,23468.24
204,0.04650000000000001,0.0481,0.048799999999999996,0.05,0.051699999999999996,0.050199999999999995,0.0481,0.0451,0.0418,0.0407,0.0392,0.040999999999999995,0.0393,1828.900024,132.43,147.42,378.01,54.439999,23631.52
205,0.0467,0.0483,0.0489,0.050199999999999995,0.0518,0.050300000000000004,0.0478,0.0449,0.0417,0.0408,0.0392,0.041100000000000005,0.0393,1817.0,131.21,143.09,375.12,55.959999,23145.32
206,0.046799999999999994,0.0483,0.048600000000000004,0.050199999999999995,0.0506,0.050499999999999996,0.0478,0.0452,0.04190000000000001,0.040999999999999995,0.0395,0.041100000000000005,0.0393,1808.800049,130.22,146.08,376.7,56.48,23159.71
207,0.0466,0.0483,0.0484,0.05,0.050499999999999996,0.050300000000000004,0.0466,0.044000000000000004,0.0409,0.04019999999999999,0.0388,0.0404,0.0388,1818.0,129.36,145.97,377.7,56.52,23186.88
208,0.0462,0.0481,0.0484,0.05,0.0508,0.0507,0.0466,0.0443,0.041299999999999996,0.0407,0.0393,0.0409,0.0394,1832.0,128.63,140.3,371.02,57.240002,23943.32
209,0.0463,0.0483,0.048600000000000004,0.049800000000000004,0.0507,0.0507,0.0467,0.0444,0.0416,0.0408,0.0395,0.0412,0.0398,1833.0,127.93,141.15,375.69,57.360001,24184.44
210,0.0464,0.0481,0.0484,0.0495,0.0499,0.05,0.046,0.0433,0.0403,0.0395,0.0382,0.0401,0.0388,1840.400024,126.88,153.32,375.02,59.0,24636.23
211,0.0466,0.048,0.0484,0.0495,0.049800000000000004,0.0499,0.0462,0.0435,0.0406,0.0398,0.038599999999999995,0.0405,0.0392,1842.0,128.33,164.94,380.45,55.959999,24577.6
212,0.0464,0.0479,0.0479,0.049400000000000006,0.049699999999999994,0.0496,0.0462,0.0435,0.0404,0.0394,0.0381,0.0397,0.0385,1834.199951,126.91,160.78,374.84,58.16,23516.15
213,0.0463,0.0478,0.048,0.049100000000000005,0.049800000000000004,0.0499,0.046,0.0432,0.04,0.039,0.0377,0.0394,0.0381,1854.0,126.3,162.47,374.33,58.599998,24329.04
214,0.0466,0.0478,0.0481,0.049,0.0499,0.049100000000000005,0.0452,0.042199999999999994,0.0393,0.0384,0.037200000000000004,0.0392,0.0379,1851.900024,125.55,165.64,377.53,60.040001,22206.27
215,0.0466,0.04769999999999999,0.0479,0.0489,0.0489,0.0489,0.045,0.04190000000000001,0.0393,0.038599999999999995,0.0374,0.039599999999999996,0.0383,1862.800049,126.33,169.44,382.04,59.84,21863.73
216,0.0466,0.04769999999999999,0.04769999999999999,0.0487,0.049,0.048799999999999996,0.044800000000000006,0.0415,0.0387,0.0379,0.036699999999999997,0.039,0.0375,1866.199951,129.55,176.66,391.62,56.32,21628.97
217,0.0464,0.046900000000000004,0.0472,0.048499999999999995,0.048799999999999996,0.0487,0.044500000000000005,0.0408,0.0382,0.0375,0.0363,0.038599999999999995,0.037000000000000005,1877.400024,130.2,180.64,394.14,58.32,21800.63
218,0.0462,0.046799999999999994,0.0471,0.048,0.0489,0.048799999999999996,0.0447,0.041100000000000005,0.0385,0.0378,0.036699999999999997,0.0387,0.037200000000000004,1871.699951,130.33,175.27,391.18,60.84,22964.38
219,0.0461,0.0467,0.0471,0.0481,0.0489,0.048499999999999995,0.0444,0.040999999999999995,0.0381,0.0373,0.0363,0.0382,0.036699999999999997,1866.199951,128.33,169.93,385.62,61.200001,23244.67
220,0.0461,0.0467,0.047,0.048,0.0482,0.0479,0.043,0.039599999999999996,0.036699999999999997,0.0361,0.0353,0.0377,0.0363,1862.900024,129.03,171.61,388.52,59.919998,23328.87
221,0.0462,0.04650000000000001,0.0466,0.0475,0.047599999999999996,0.0464,0.0409,0.0375,0.0349,0.0344,0.034,0.036699999999999997,0.0355,1916.300049,127.69,161.13,385.5,61.16,23433.54
222,0.045899999999999996,0.0463,0.0466,0.04769999999999999,0.0479,0.0466,0.0409,0.0375,0.0348,0.034300000000000004,0.0339,0.036699999999999997,0.0355,1927.800049,127.78,159.8,386.16,60.279999,23493.84
223,0.0458,0.0464,0.047,0.047400000000000005,0.048,0.046799999999999994,0.0421,0.039,0.0363,0.0359,0.0352,0.0378,0.0365,1929.5,127.57,166.03,391.81,58.52,23735.97
224,0.046,0.0464,0.0472,0.047599999999999996,0.0482,0.0471,0.0425,0.039599999999999996,0.0368,0.0362,0.0355,0.0379,0.0366,1922.900024,131.25,168.69,398.99,57.52,23128.86
225,0.0461,0.0464,0.0473,0.047599999999999996,0.0481,0.046799999999999994,0.04190000000000001,0.039,0.0362,0.0358,0.0352,0.0377,0.0364,1928.599976,132.3,171.27,399.45,58.560001,23028.95
226,0.0461,0.04650000000000001,0.0471,0.047599999999999996,0.0479,0.046799999999999994,0.0417,0.0388,0.0358,0.0354,0.0349,0.0375,0.0362,1929.099976,134.18,169.15,399.74,59.68,23084.4
227,0.0467,0.04650000000000001,0.0472,0.0475,0.0479,0.0467,0.041100000000000005,0.0384,0.0354,0.0351,0.0346,0.0374,0.0362,1941.199951,132.61,156.28,387.53,61.959999,23010.47
228,0.047,0.0467,0.0472,0.0475,0.0484,0.047,0.0412,0.038599999999999995,0.0358,0.0352,0.0346,0.0373,0.0362,1933.900024,130.46,158.16,388.2,62.880001,23062.36
229,0.046900000000000004,0.04650000000000001,0.0473,0.047599999999999996,0.0482,0.047,0.0421,0.0388,0.0361,0.0356,0.0352,0.038,0.0369,1927.099976,132.78,162.59,394.5,60.639999,22636.17
230,0.046900000000000004,0.0464,0.0472,0.0475,0.048,0.046799999999999994,0.0414,0.0383,0.0356,0.0351,0.0348,0.0377,0.0366,1926.400024,132.53,165.07,394.58,60.32,22789.37
231,0.046900000000000004,0.0466,0.0471,0.047400000000000005,0.0479,0.04650000000000001,0.0409,0.037599999999999995,0.0348,0.034300000000000004,0.0339,0.0369,0.035699999999999996,1922.099976,131.13,160.27,392.11,61.68,22669.81
232,0.045899999999999996,0.0462,0.046900000000000004,0.047400000000000005,0.0479,0.0463,0.0406,0.037200000000000004,0.034300000000000004,0.034,0.0337,0.0365,0.0354,1904.400024,129.2,153.06,386.91,63.880001,21084.22
233,0.046,0.0463,0.0471,0.047400000000000005,0.0482,0.0467,0.0418,0.038599999999999995,0.036000000000000004,0.035699999999999996,0.0353,0.0381,0.0364,1907.199951,129.97,153.98,388.32,65.639999,20674.29
234,0.0458,0.045899999999999996,0.0467,0.0473,0.04769999999999999,0.046900000000000004,0.042199999999999994,0.0388,0.036000000000000004,0.0355,0.0349,0.0379,0.0361,1918.400024,129.27,158.99,387.75,66.959999,20957.02
235,0.045700000000000005,0.045899999999999996,0.0466,0.047400000000000005,0.047599999999999996,0.0466,0.0412,0.0379,0.0353,0.0348,0.034300000000000004,0.0373,0.0356,1895.5,129.09,166.54,390.73,68.800003,19934.88
236,0.044199999999999996,0.0462,0.0472,0.0482,0.0484,0.0473,0.042,0.039,0.0366,0.0361,0.0354,0.0384,0.036699999999999997,1874.599976,130.03,162.84,387.43,67.919998,18847.75
237,0.0441,0.0462,0.0473,0.04769999999999999,0.048499999999999995,0.047400000000000005,0.0424,0.0394,0.037200000000000004,0.036699999999999997,0.0361,0.0391,0.0374,1871.599976,131.38,163.16,390.75,67.919998,17944.27
238,0.0437,0.0458,0.047,0.047400000000000005,0.0483,0.046900000000000004,0.04190000000000001,0.0393,0.0366,0.036000000000000004,0.0353,0.0383,0.0366,1872.699951,131.17,157.39,387.0,68.839996,17443.5
239,0.0432,0.0455,0.0467,0.047400000000000005,0.0479,0.0471,0.0424,0.039599999999999996,0.0369,0.0363,0.0355,0.0384,0.036699999999999997,1864.199951,125.98,137.66,366.84,72.839996,16942.37
240,0.043,0.0455,0.0466,0.0475,0.0481,0.0478,0.044500000000000005,0.0418,0.039,0.0382,0.0371,0.039599999999999996,0.0378,1834.800049,127.65,145.92,374.56,70.639999,16948.06
241,0.042,0.044199999999999996,0.0455,0.046900000000000004,0.04769999999999999,0.0471,0.0436,0.041100000000000005,0.0385,0.0379,0.0369,0.0397,0.0381,1852.800049,127.57,142.91,372.55,68.639999,16825.69
242,0.0417,0.044199999999999996,0.0453,0.047,0.04769999999999999,0.0472,0.044000000000000004,0.0418,0.0394,0.038900000000000004,0.0379,0.0406,0.0388,1839.699951,126.9,141.46,369.02,69.400002,16844.42
